,Model 1,Model 2,z-score,p-value
0,XGBoostClassifier-pre,RandomForestClassifier-pre,-1.598675102009281,0.10989281264387998
1,CatBoostClassifier-pre,RandomForestClassifier-pre,-1.598675102009281,0.10989281264387998
2,CatBoostClassifier-pre,XGBoostClassifier-pre,-0.0,1.0
3,LassoLogistic-pre,RandomForestClassifier-pre,-0.1403536262486509,0.8883805959798825
4,LassoLogistic-pre,XGBoostClassifier-pre,-0.9706309637907967,0.3317320811242245
5,LassoLogistic-pre,CatBoostClassifier-pre,-0.9765882474032442,0.32877303977983585
6,RandomForestClassifier-post,RandomForestClassifier-pre,-1.7815809435023355,0.07481759432545221
7,RandomForestClassifier-post,XGBoostClassifier-pre,-0.17892448052808924,0.8579970002779218
8,RandomForestClassifier-post,CatBoostClassifier-pre,-0.18552094902775795,0.8528204505138811
9,RandomForestClassifier-post,LassoLogistic-pre,-1.1732026655194838,0.2407145433921286
10,XGBoostClassifier-post,RandomForestClassifier-pre,-1.623880014462233,0.10440141871333054
11,XGBoostClassifier-post,XGBoostClassifier-pre,-0.1244006452565108,0.9009980624768563
12,XGBoostClassifier-post,CatBoostClassifier-pre,-0.12655555109557282,0.8992921790613946
13,XGBoostClassifier-post,LassoLogistic-pre,-1.0798507945618698,0.2802086277565564
14,XGBoostClassifier-post,RandomForestClassifier-post,-0.512989176042575,0.6079588921750005
15,CatBoostClassifier-post,RandomForestClassifier-pre,-1.0028530728448122,0.3159317573011773
16,CatBoostClassifier-post,XGBoostClassifier-pre,-0.6520835843254082,0.5143472532638718
17,CatBoostClassifier-post,CatBoostClassifier-pre,-0.6520835843254082,0.5143472532638718
18,CatBoostClassifier-post,LassoLogistic-pre,-0.4969969698337724,0.619191188154594
19,CatBoostClassifier-post,RandomForestClassifier-post,-1.083927980305266,0.2783967324578872
20,CatBoostClassifier-post,XGBoostClassifier-post,-1.4272480642961278,0.15350840480436795
21,LassoLogistic-post,RandomForestClassifier-pre,-0.14594970643572833,0.8839610916133843
22,LassoLogistic-post,XGBoostClassifier-pre,-1.3650713530198195,0.17223062477920792
23,LassoLogistic-post,CatBoostClassifier-pre,-1.376041832307562,0.1688086824254461
24,LassoLogistic-post,LassoLogistic-pre,-0.21261580245140405,0.8316266446817103
25,LassoLogistic-post,RandomForestClassifier-post,-1.8641557122348442,0.06229984069313349
26,LassoLogistic-post,XGBoostClassifier-post,-1.9973386548424015,0.04578840691899385
27,LassoLogistic-post,CatBoostClassifier-post,-1.7851317259434791,0.07423995299031784
28,RandomForestClassifier-delta,RandomForestClassifier-pre,-1.7705126449440374,0.07664177980139428
29,RandomForestClassifier-delta,XGBoostClassifier-pre,-1.138824005496752,0.2547765672049821
30,RandomForestClassifier-delta,CatBoostClassifier-pre,-1.138824005496752,0.2547765672049821
31,RandomForestClassifier-delta,LassoLogistic-pre,-1.792377421870155,0.07307252897696602
32,RandomForestClassifier-delta,RandomForestClassifier-post,-1.0418859418331126,0.29746456261887866
33,RandomForestClassifier-delta,XGBoostClassifier-post,-1.1772114388050852,0.23911112414977886
34,RandomForestClassifier-delta,CatBoostClassifier-post,-1.4493259109871626,0.14724658832798013
35,RandomForestClassifier-delta,LassoLogistic-post,-1.8950167862300848,0.05809017782233295
36,XGBoostClassifier-delta,RandomForestClassifier-pre,-1.6420956794823514,0.10057017693789116
37,XGBoostClassifier-delta,XGBoostClassifier-pre,-1.0817637292669078,0.27935752715190865
38,XGBoostClassifier-delta,CatBoostClassifier-pre,-1.0817637292669078,0.27935752715190865
39,XGBoostClassifier-delta,LassoLogistic-pre,-1.7976136593009957,0.07223825224326327
40,XGBoostClassifier-delta,RandomForestClassifier-post,-1.0539839232502133,0.29189027767337183
41,XGBoostClassifier-delta,XGBoostClassifier-post,-1.1545709641726627,0.24826616272263702
42,XGBoostClassifier-delta,CatBoostClassifier-post,-1.3774701822674353,0.1683669274586952
43,XGBoostClassifier-delta,LassoLogistic-post,-1.7696532422666218,0.0767849235680089
44,XGBoostClassifier-delta,RandomForestClassifier-delta,-0.47673129462280195,0.6335534753768293
45,CatBoostClassifier-delta,RandomForestClassifier-pre,-1.6420956794823514,0.10057017693789116
46,CatBoostClassifier-delta,XGBoostClassifier-pre,-1.0817637292669078,0.27935752715190865
47,CatBoostClassifier-delta,CatBoostClassifier-pre,-1.0817637292669078,0.27935752715190865
48,CatBoostClassifier-delta,LassoLogistic-pre,-1.7976136593009957,0.07223825224326327
49,CatBoostClassifier-delta,RandomForestClassifier-post,-1.0539839232502133,0.29189027767337183
50,CatBoostClassifier-delta,XGBoostClassifier-post,-1.1545709641726627,0.24826616272263702
51,CatBoostClassifier-delta,CatBoostClassifier-post,-1.3774701822674353,0.1683669274586952
52,CatBoostClassifier-delta,LassoLogistic-post,-1.7696532422666218,0.0767849235680089
53,CatBoostClassifier-delta,RandomForestClassifier-delta,-0.47673129462280195,0.6335534753768293
54,CatBoostClassifier-delta,XGBoostClassifier-delta,,
55,LassoLogistic-delta,RandomForestClassifier-pre,-0.3032709088375565,0.7616834142378368
56,LassoLogistic-delta,XGBoostClassifier-pre,-1.5791868060929148,0.11429321535598826
57,LassoLogistic-delta,CatBoostClassifier-pre,-1.5791868060929148,0.11429321535598826
58,LassoLogistic-delta,LassoLogistic-pre,-0.38138503569823706,0.7029175632453666
59,LassoLogistic-delta,RandomForestClassifier-post,-1.6082521357007455,0.10777996893069405
60,LassoLogistic-delta,XGBoostClassifier-post,-1.3389170349940034,0.18059768332294168
61,LassoLogistic-delta,CatBoostClassifier-post,-0.769108351169362,0.4418289909587406
62,LassoLogistic-delta,LassoLogistic-post,-0.24067406114314974,0.8098077443123554
63,LassoLogistic-delta,RandomForestClassifier-delta,-2.247038123367926,0.024637590790437407
64,LassoLogistic-delta,XGBoostClassifier-delta,-2.5321607556783854,0.011336200579966068
65,LassoLogistic-delta,CatBoostClassifier-delta,-2.5321607556783854,0.011336200579966068
66,RandomForestClassifier-META,RandomForestClassifier-pre,-1.2025046460496518,0.22916806713733862
67,RandomForestClassifier-META,XGBoostClassifier-pre,-0.20753239408996232,0.8355940964977701
68,RandomForestClassifier-META,CatBoostClassifier-pre,-0.20513678792394976,0.8374652549495422
69,RandomForestClassifier-META,LassoLogistic-pre,-0.9802408256313738,0.3269672565805626
70,RandomForestClassifier-META,RandomForestClassifier-post,-0.437003686737564,0.6621086743332101
71,RandomForestClassifier-META,XGBoostClassifier-post,-0.19820624179302546,0.8428837041239037
72,RandomForestClassifier-META,CatBoostClassifier-post,-0.9173294217748907,0.3589700443965367
73,RandomForestClassifier-META,LassoLogistic-post,-1.5232450577013021,0.12769740718038913
74,RandomForestClassifier-META,RandomForestClassifier-delta,-1.3424546420715369,0.17944862778208115
75,RandomForestClassifier-META,XGBoostClassifier-delta,-1.2941355590936372,0.19561860080144533
76,RandomForestClassifier-META,CatBoostClassifier-delta,-1.2941355590936372,0.19561860080144533
77,RandomForestClassifier-META,LassoLogistic-delta,-1.177835885356693,0.238862039348402
78,XGBoostClassifier-META,RandomForestClassifier-pre,-1.6723068407118116,0.09446383141859321
79,XGBoostClassifier-META,XGBoostClassifier-pre,-1.0503661004727294,0.2935498251822042
80,XGBoostClassifier-META,CatBoostClassifier-pre,-1.0350983390135313,0.3006229881969068
81,XGBoostClassifier-META,LassoLogistic-pre,-0.2964109055350829,0.7669162979292736
82,XGBoostClassifier-META,RandomForestClassifier-post,-1.4347066715997847,0.1513707022698468
83,XGBoostClassifier-META,XGBoostClassifier-post,-1.347008904829779,0.1779773647476779
84,XGBoostClassifier-META,CatBoostClassifier-post,-0.3850298409690562,0.7002153067983503
85,XGBoostClassifier-META,LassoLogistic-post,-1.3289300379897928,0.18387105266044723
86,XGBoostClassifier-META,RandomForestClassifier-delta,-1.5432422856985424,0.12277200102295097
87,XGBoostClassifier-META,XGBoostClassifier-delta,-1.431750580238546,0.15221521522160983
88,XGBoostClassifier-META,CatBoostClassifier-delta,-1.431750580238546,0.15221521522160983
89,XGBoostClassifier-META,LassoLogistic-delta,-0.6744321449378218,0.5000366119143145
90,XGBoostClassifier-META,RandomForestClassifier-META,-0.8557668821131941,0.3921267371774061
91,CatBoostClassifier-META,RandomForestClassifier-pre,-1.7326809879817848,0.08315238552944038
92,CatBoostClassifier-META,XGBoostClassifier-pre,-0.7383781012868355,0.46028471809281524
93,CatBoostClassifier-META,CatBoostClassifier-pre,-0.7383781012868355,0.46028471809281524
94,CatBoostClassifier-META,LassoLogistic-pre,-1.5185192198711257,0.12888355804020285
95,CatBoostClassifier-META,RandomForestClassifier-post,-0.936212595463436,0.34916373941509415
96,CatBoostClassifier-META,XGBoostClassifier-post,-1.213760390569029,0.22483923580791354
97,CatBoostClassifier-META,CatBoostClassifier-post,-1.4710317556835781,0.14128252912457787
98,CatBoostClassifier-META,LassoLogistic-post,-1.8757070033462275,0.06069552372404079
99,CatBoostClassifier-META,RandomForestClassifier-delta,-0.5283822643303628,0.5972340447585127
100,CatBoostClassifier-META,XGBoostClassifier-delta,-0.7071067811865489,0.4795001221869526
101,CatBoostClassifier-META,CatBoostClassifier-delta,-0.7071067811865489,0.4795001221869526
102,CatBoostClassifier-META,LassoLogistic-delta,-2.0452795204645464,0.04082730856486867
103,CatBoostClassifier-META,RandomForestClassifier-META,-1.2546641953091107,0.20960068868042536
104,CatBoostClassifier-META,XGBoostClassifier-META,-1.5222624245116099,0.1279433391912132
105,LassoLogistic-META,RandomForestClassifier-pre,-1.6420956794823514,0.10057017693789116
106,LassoLogistic-META,XGBoostClassifier-pre,-1.0817637292669078,0.27935752715190865
107,LassoLogistic-META,CatBoostClassifier-pre,-1.0817637292669078,0.27935752715190865
108,LassoLogistic-META,LassoLogistic-pre,-1.7976136593009957,0.07223825224326327
109,LassoLogistic-META,RandomForestClassifier-post,-1.0539839232502133,0.29189027767337183
110,LassoLogistic-META,XGBoostClassifier-post,-1.1545709641726627,0.24826616272263702
111,LassoLogistic-META,CatBoostClassifier-post,-1.3774701822674353,0.1683669274586952
112,LassoLogistic-META,LassoLogistic-post,-1.7696532422666218,0.0767849235680089
113,LassoLogistic-META,RandomForestClassifier-delta,-0.47673129462280195,0.6335534753768293
114,LassoLogistic-META,XGBoostClassifier-delta,,
115,LassoLogistic-META,CatBoostClassifier-delta,,
116,LassoLogistic-META,LassoLogistic-delta,-2.5321607556783854,0.011336200579966068
117,LassoLogistic-META,RandomForestClassifier-META,-1.2941355590936372,0.19561860080144533
118,LassoLogistic-META,XGBoostClassifier-META,-1.431750580238546,0.15221521522160983
119,LassoLogistic-META,CatBoostClassifier-META,-0.7071067811865489,0.4795001221869526
120,RandomForestClassifier-META_C,RandomForestClassifier-pre,-1.2644513471471823,0.20606807298356955
121,RandomForestClassifier-META_C,XGBoostClassifier-pre,-0.0,1.0
122,RandomForestClassifier-META_C,CatBoostClassifier-pre,-0.0,1.0
123,RandomForestClassifier-META_C,LassoLogistic-pre,-1.1696661611187587,0.24213534088811595
124,RandomForestClassifier-META_C,RandomForestClassifier-post,-0.14892084929531713,0.8816160893034213
125,RandomForestClassifier-META_C,XGBoostClassifier-post,-0.19652886685069376,0.8441962407175897
126,RandomForestClassifier-META_C,CatBoostClassifier-post,-1.14545798785788,0.25201948910585537
127,RandomForestClassifier-META_C,LassoLogistic-post,-1.5968095681115972,0.11030816248311526
128,RandomForestClassifier-META_C,RandomForestClassifier-delta,-1.108815044504585,0.26750997898600626
129,RandomForestClassifier-META_C,XGBoostClassifier-delta,-1.1451966686277368,0.2521276980545123
130,RandomForestClassifier-META_C,CatBoostClassifier-delta,-1.1451966686277368,0.2521276980545123
131,RandomForestClassifier-META_C,LassoLogistic-delta,-1.339802615297258,0.18030952517831755
132,RandomForestClassifier-META_C,RandomForestClassifier-META,-1.0817637292669169,0.27935752715190465
133,RandomForestClassifier-META_C,XGBoostClassifier-META,-0.9832582951595171,0.32548033027141154
134,RandomForestClassifier-META_C,CatBoostClassifier-META,-1.0175419235908951,0.3088956991457157
135,RandomForestClassifier-META_C,LassoLogistic-META,-1.1451966686277368,0.2521276980545123
136,XGBoostClassifier-META_C,RandomForestClassifier-pre,-0.8291561975888457,0.40701602727137665
137,XGBoostClassifier-META_C,XGBoostClassifier-pre,-1.288255020369118,0.1976572049812747
138,XGBoostClassifier-META_C,CatBoostClassifier-pre,-1.2694014909706277,0.20429790469402132
139,XGBoostClassifier-META_C,LassoLogistic-pre,-0.14267197473932158,0.8865492511690827
140,XGBoostClassifier-META_C,RandomForestClassifier-post,-1.8397324220156004,0.06580753108398368
141,XGBoostClassifier-META_C,XGBoostClassifier-post,-1.844848326159813,0.06505960528568765
142,XGBoostClassifier-META_C,CatBoostClassifier-post,-0.7861154674027774,0.43179984348489553
143,XGBoostClassifier-META_C,LassoLogistic-post,-0.7974868017026433,0.4251683650393475
144,XGBoostClassifier-META_C,RandomForestClassifier-delta,-1.7909057519945033,0.07330842050293934
145,XGBoostClassifier-META_C,XGBoostClassifier-delta,-1.6603834168071279,0.09683734406817764
146,XGBoostClassifier-META_C,CatBoostClassifier-delta,-1.6603834168071279,0.09683734406817764
147,XGBoostClassifier-META_C,LassoLogistic-delta,-0.5956833971812704,0.5513867516837909
148,XGBoostClassifier-META_C,RandomForestClassifier-META,-1.1858541225631425,0.2356799134290375
149,XGBoostClassifier-META_C,XGBoostClassifier-META,-1.0817637292669111,0.2793575271519071
150,XGBoostClassifier-META_C,CatBoostClassifier-META,-1.8894389950523263,0.05883302989349597
151,XGBoostClassifier-META_C,LassoLogistic-META,-1.6603834168071279,0.09683734406817764
152,XGBoostClassifier-META_C,RandomForestClassifier-META_C,-1.2950549558646847,0.19530127214682724
153,CatBoostClassifier-META_C,RandomForestClassifier-pre,-1.714527482887855,0.08643189411048639
154,CatBoostClassifier-META_C,XGBoostClassifier-pre,-0.6675032556033631,0.5044507308443249
155,CatBoostClassifier-META_C,CatBoostClassifier-pre,-0.6675032556033631,0.5044507308443249
156,CatBoostClassifier-META_C,LassoLogistic-pre,-1.6461634228103055,0.09973011763259207
157,CatBoostClassifier-META_C,RandomForestClassifier-post,-0.7928249671720924,0.42787980791824887
158,CatBoostClassifier-META_C,XGBoostClassifier-post,-1.2192155209340487,0.22276240249823076
159,CatBoostClassifier-META_C,CatBoostClassifier-post,-1.590199871772071,0.11178975941830331
160,CatBoostClassifier-META_C,LassoLogistic-post,-1.94827478757164,0.05138209226595137
161,CatBoostClassifier-META_C,RandomForestClassifier-delta,-0.6267831705280066,0.5308013766975798
162,CatBoostClassifier-META_C,XGBoostClassifier-delta,-0.7491491772643952,0.4537672973691905
163,CatBoostClassifier-META_C,CatBoostClassifier-delta,-0.7491491772643952,0.4537672973691905
164,CatBoostClassifier-META_C,LassoLogistic-delta,-1.9232177241913753,0.05445271223491722
165,CatBoostClassifier-META_C,RandomForestClassifier-META,-1.689636908142083,0.09109744036617225
166,CatBoostClassifier-META_C,XGBoostClassifier-META,-1.5203028496707423,0.12843487816765908
167,CatBoostClassifier-META_C,CatBoostClassifier-META,-0.0,1.0
168,CatBoostClassifier-META_C,LassoLogistic-META,-0.7491491772643952,0.4537672973691905
169,CatBoostClassifier-META_C,RandomForestClassifier-META_C,-1.4219911474863014,0.1550288208614277
170,CatBoostClassifier-META_C,XGBoostClassifier-META_C,-1.8585927543430725,0.06308488491357979
171,LassoLogistic-META_C,RandomForestClassifier-pre,-1.5117443167152558,0.1305989199077955
172,LassoLogistic-META_C,XGBoostClassifier-pre,-0.876745264592057,0.3806250149883972
173,LassoLogistic-META_C,CatBoostClassifier-pre,-0.876745264592057,0.3806250149883972
174,LassoLogistic-META_C,LassoLogistic-pre,-1.653359733857923,0.09825767265382429
175,LassoLogistic-META_C,RandomForestClassifier-post,-0.8274341683206968,0.4079910208012608
176,LassoLogistic-META_C,XGBoostClassifier-post,-0.9534625892455908,0.3403557423852023
177,LassoLogistic-META_C,CatBoostClassifier-post,-1.2301198455283606,0.21865222950387309
178,LassoLogistic-META_C,LassoLogistic-post,-1.634839098900715,0.10208278200494815
179,LassoLogistic-META_C,RandomForestClassifier-delta,-0.0,1.0
180,LassoLogistic-META_C,XGBoostClassifier-delta,-0.7071067811865569,0.4795001221869477
181,LassoLogistic-META_C,CatBoostClassifier-delta,-0.7071067811865569,0.4795001221869477
182,LassoLogistic-META_C,LassoLogistic-delta,-2.540686879636938,0.011063495109621816
183,LassoLogistic-META_C,RandomForestClassifier-META,-1.0856202966836188,0.27764701627641886
184,LassoLogistic-META_C,XGBoostClassifier-META,-1.2931392137462476,0.19596291470900506
185,LassoLogistic-META_C,CatBoostClassifier-META,-0.40701676943635695,0.6839956717084822
186,LassoLogistic-META_C,LassoLogistic-META,-0.7071067811865569,0.4795001221869477
187,LassoLogistic-META_C,RandomForestClassifier-META_C,-0.9299950998531985,0.35237362160166297
188,LassoLogistic-META_C,XGBoostClassifier-META_C,-1.5114944209673369,0.13066252896792943
189,LassoLogistic-META_C,CatBoostClassifier-META_C,-0.42465029006519917,0.6710916265369561
